<?xml version="1.0" encoding="UTF-8"?>
<launch4jConfig>
  <dontWrapJar>false</dontWrapJar>
  <headerType>gui</headerType>
  <jar>C:\Users\Gustavo Paiva\Documents\VSCode\ArchDoc\DocManager\target\DocManager.jar</jar>
  <outfile>C:\Users\Gustavo Paiva\Desktop\teste.exe</outfile>
  <errTitle></errTitle>
  <cmdLine></cmdLine>
  <chdir>.</chdir>
  <priority>normal</priority>
  <downloadUrl>http://java.com/download</downloadUrl>
  <supportUrl></supportUrl>
  <stayAlive>false</stayAlive>
  <restartOnCrash>false</restartOnCrash>
  <manifest></manifest>
  <icon>C:\Users\Gustavo Paiva\Documents\VSCode\ArchDoc\DocManager\imgs\MainIcon.ico</icon>
  <jre>
    <path>C:\Program Files (x86)\Java\jre1.8.0_341</path>
    <bundledJre64Bit>true</bundledJre64Bit>
    <bundledJreAsFallback>false</bundledJreAsFallback>
    <minVersion>1.7.0_341</minVersion>
    <maxVersion>1.8.0_341</maxVersion>
    <jdkPreference>preferJre</jdkPreference>
    <runtimeBits>64/32</runtimeBits>
  </jre>
</launch4jConfig>